Origen,ID,URL,Producto,Precio,Categoria,Ranting,Vendidos,EnvíoGratis,HoraEjecución
Easy,,https://www.easy.com.co/p/lijadora-orbital-inalambrica-24000-opm/,Lijadora Orbital Inalambrica 24000 Opm,299.990,,,,,14/01/2023 23:16:53
Easy,,https://www.easy.com.co/p/lijadora-triangular-inalambrica-24000-%28solo-equipo%29/,Lijadora Triangular Inalambrica 24000 (Solo Equipo),188.990,,,,,14/01/2023 23:16:53
Easy,,https://www.easy.com.co/p/lijadora-stel401-orbital-220w-16000rpm/,Lijadora STEL401 Orbital 220W 16000rpm,237.900,,,,,14/01/2023 23:16:53
Easy,,https://www.easy.com.co/p/lijadora-1~3-de-150-w-de-potencia/,Lijadora 1/3 de 150 W de Potencia, 119.990,,,,,14/01/2023 23:16:53
Easy,,https://www.easy.com.co/p/lijadora-dwe6421-palma-orbital-280w-12000opm/,Lijadora DWE6421 Palma Orbital 280w 12000opm,614.900,,,,,14/01/2023 23:16:53
HomeCenter,,https://www.homecenter.com.co/homecenter-co/product/142808/lijadora-orbital-1-4-pulg-135w-10000opm-ps-135k-karson/142808/,Lijadora Orbital 1/4-pulg 135W 10'000OPM PS-135K Karson,79.900,,,,,14/01/2023 23:16:53
HomeCenter,,https://www.homecenter.com.co/homecenter-co/product/873928/lijadora-orbital-de-palma-1-4-pulg-220w-bauker/873928/,Lijadora Orbital de Palma 1/4-pulg 220W Bauker,199.900,,,,,14/01/2023 23:16:53
HomeCenter,,https://www.homecenter.com.co/homecenter-co/product/241102/lijadora-orbital-1-3-135w-10000-rpm-es135x/241102/,Lijadora Orbital 1/3 135W 10.000 Rpm  ES135X,69.900,,,,,14/01/2023 23:16:53
HomeCenter,,https://www.homecenter.com.co/homecenter-co/product/488719/lijadora-orbital-1-4-pulg-240w-16000opm-stanley/488719/,Lijadora Orbital 1/4-pulg 240W 16000OPM Stanley,213.900,,,,,14/01/2023 23:16:53
HomeCenter,,https://www.homecenter.com.co/homecenter-co/product/101641/lijadora-orbital-1-4-230w-24a-14000-opm/101641/,Lijadora Orbital 1/4 230W 2.4A 14.000 Opm,369.900,,,,,14/01/2023 23:16:53
HomeCenter,,https://www.homecenter.com.co/homecenter-co/product/147847/lijadora-rotoorbital-5-pulgadas-6000-13000rpm-rs125/147847/,Lijadora rotoorbital 5 pulgadas 6000-13000RPM  RS125,229.900,,,,,14/01/2023 23:16:53
HomeCenter,,https://www.homecenter.com.co/homecenter-co/product/62592/lijadora-orbital-1-4-de-pulgada-200w-14000opm-bo4556k/62592/,Lijadora Orbital 1/4 de pulgada 200W 14000opm BO4556K,296.900,,,,,14/01/2023 23:16:53
HomeCenter,,https://www.homecenter.com.co/homecenter-co/product/227525/lijadora-orbital-1-4-220w-13000-opm/227525/,Lijadora orbital 1/4 220w 13000 Opm,199.900,,,,,14/01/2023 23:16:53
HomeCenter,,https://www.homecenter.com.co/homecenter-co/product/873922/lijadora-1-3-200w/873922/,Lijadora 1/3 200W,179.900,,,,,14/01/2023 23:16:53
HomeCenter,,https://www.homecenter.com.co/homecenter-co/product/77129/lijadora-rotoorbital-5-pulgadas-300w-12000opm/77129/,Lijadora Rotoorbital 5 Pulgadas 300W 12000Opm,399.900,,,,,14/01/2023 23:16:53
HomeCenter,,https://www.homecenter.com.co/homecenter-co/product/378315/lijadora-orbital-1-4-pulg-220w-14000opm-gss-140/378315/,Lijadora Orbital 1/4-pulg 220W 14.000opm GSS-140,303.900,,,,,14/01/2023 23:16:53
HomeCenter,,https://www.homecenter.com.co/homecenter-co/product/258806/lijadora-orbital-1-3-200w-f012-735-1aa/258806/,Lijadora Orbital 1/3 200W  F012 735 1AA,188.900,,,,,14/01/2023 23:16:53
HomeCenter,,https://www.homecenter.com.co/homecenter-co/product/515140/lijadora-roto-orbital-5pulg-300w-ss30-b3/515140/,Lijadora Roto-Orbital 5Pulg 300W SS30-B3,306.900,,,,,14/01/2023 23:16:53
HomeCenter,,https://www.homecenter.com.co/homecenter-co/product/490869/lijadora-orbital-1-4-pulg-260w-14000opm-ubermann/490869/,Lijadora Orbital 1/4-pulg 260W 14000OPM Ubermann,269.900,,,,,14/01/2023 23:16:53
HomeCenter,,https://www.homecenter.com.co/homecenter-co/product/873958/lijadora-orbital-5-pulg-350w-0-12000rpm-bauker/873958/,Lijadora Orbital 5-pulg 350W 0-12000Rpm Bauker,229.900,,,,,14/01/2023 23:16:53
HomeCenter,,https://www.homecenter.com.co/homecenter-co/product/301040/combo-sierra-caladora-420w-lijadora-1-4-pulg-200w-blackdecker/301040/,Combo Sierra Caladora 420W + Lijadora 1/4-pulg 200W Black+Decker,289.900,,,,,14/01/2023 23:16:53
HomeCenter,,https://www.homecenter.com.co/homecenter-co/product/304464/lijadora-orbital-5-pulg-275w-12000opm-maletin/304464/,Lijadora Orbital 5-Pulg 275W 12000Opm + Maletín,489.900,,,,,14/01/2023 23:16:53
HomeCenter,,https://www.homecenter.com.co/homecenter-co/product/69062/lijadora-rotoorbital-5-pulgadas-275w-12000-opm/69062/,Lijadora Rotoorbital 5 Pulgadas 275W 12000 Opm,546.900,,,,,14/01/2023 23:16:53
HomeCenter,,https://www.homecenter.com.co/homecenter-co/product/240023/lijadora-5pulg-660w-0-3700orpm/240023/,Lijadora 5Pulg 660W 0-3700ORpm,569.900,,,,,14/01/2023 23:16:53
HomeCenter,,https://www.homecenter.com.co/homecenter-co/product/88865/lijadora-orbital-1-3-pulg-190w-11000opm-bo3710/88865/,Lijadora Orbital 1/3-pulg 190W 11000OPM BO3710,363.900,,,,,14/01/2023 23:16:53
HomeCenter,,https://www.homecenter.com.co/homecenter-co/product/490875/lijadora-banda-900w-75x533mm-150-300rpm-ubermann/490875/,Lijadora Banda 900W 75X533mm 150-300RPM Ubermann,429.900,,,,,14/01/2023 23:16:53
HomeCenter,,https://www.homecenter.com.co/homecenter-co/product/158282/lijadora-orbital-5-pulg-250w-7000-12000opm/158282/,Lijadora Orbital 5-pulg 250W 7000-12000opm,438.900,,,,,14/01/2023 23:16:53
HomeCenter,,https://www.homecenter.com.co/homecenter-co/product/511553/lijadora-1-4-pulg-18v-gss18v-10-sin-bateria-bosch/511553/,Lijadora 1/4-pulg 18V GSS18V-10 (Sin Bateria) Bosch,898.900,,,,,14/01/2023 23:16:53
HomeCenter,,https://www.homecenter.com.co/homecenter-co/product/880043/lijadora-orbital-20v-sin-bateria-worx/880043/,Lijadora Orbital 20V Sin Batería Worx,199.900,,,,,14/01/2023 23:16:53
HomeCenter,,https://www.homecenter.com.co/homecenter-co/product/420570/lijadora-de-banda-de-3x18-pulg-6-a/420570/,Lijadora de Banda de 3x18 Pulg 6 A,429.900,,,,,14/01/2023 23:16:53
HomeCenter,,https://www.homecenter.com.co/homecenter-co/product/882061/multi-lijadora-20v-worx/882061/,Multi Lijadora 20V Worx,659.900,,,,,14/01/2023 23:16:53
HomeCenter,,https://www.homecenter.com.co/homecenter-co/product/394146/combo-sierra-circular-7-1-4-pulg-420w-lijadora-de-hoja-1-4-pulg-200w/394146/,Combo Sierra Circular 7 1/4-pulg 420W + Lijadora de Hoja 1/4-pulg 200W,592.900,,,,,14/01/2023 23:16:53
HomeCenter,,https://www.homecenter.com.co/homecenter-co/product/163308/lijadora-de-banda-900w-76x533mm-36kg/163308/,Lijadora de Banda 900w 76x533mm 3.6kg,459.900,,,,,14/01/2023 23:16:53
HomeCenter,,https://www.homecenter.com.co/homecenter-co/product/420688/lijadora-orbital-5-pulg/420688/,Lijadora Orbital 5 Pulg,549.900,,,,,14/01/2023 23:16:53
HomeCenter,,https://www.homecenter.com.co/homecenter-co/product/515139/lijadora-orbital-5pulg-200w-bd-bdero100-b3/515139/,Lijadora Orbital 5Pulg 200W BD BDERO100-B3,309.900,,,,,14/01/2023 23:16:53
HomeCenter,,https://www.homecenter.com.co/homecenter-co/product/510791/combo-sierra-circular-7-1-4pg-1400w-lijadora-orbital-blackdecker/510791/,Combo Sierra Circular 7-1/4pg 1400W + Lijadora Orbital Black+Decker,449.900,,,,,14/01/2023 23:16:53
HomeCenter,,https://www.homecenter.com.co/homecenter-co/product/548936/lijadora-de-banda-3-x-21pulg-73-amp-810w/548936/,Lijadora de Banda 3 x 21Pulg 7.3 Amp 810W,277.900,,,,,14/01/2023 23:16:53
HomeCenter,,https://www.homecenter.com.co/homecenter-co/product/153497/lijadora-vidrio-5-pulgadas-468-watts-4500-rxm-gv5010/153497/,Lijadora vidrio 5 pulgadas 468 watts 4500 rxm GV5010,462.900,,,,,14/01/2023 23:16:53
HomeCenter,,https://www.homecenter.com.co/homecenter-co/product/556094/lija-disco-adhesivo-discover-grano-60-5-pulgadas/556094/,Lija Disco Adhesivo Discover Grano 60 5 Pulgadas,12.900,,,,,14/01/2023 23:16:53
HomeCenter,,https://www.homecenter.com.co/homecenter-co/product/401899/lijadora-de-banda-3-x-21-900w/401899/,"Lijadora de Banda 3"" X 21"" 900W",460.900,,,,,14/01/2023 23:16:53
HomeCenter,,https://www.homecenter.com.co/homecenter-co/product/420531/lijadora-orbital-1-4-pulg-13500-rpm/420531/,Lijadora Orbital 1/4 Pulg 13500 RPM,339.900,,,,,14/01/2023 23:16:53
HomeCenter,,https://www.homecenter.com.co/homecenter-co/product/563832/lijadora-orbital-neumatica-6-pulgadas/563832/,Lijadora Orbital Neumática 6 Pulgadas,361.900,,,,,14/01/2023 23:16:53
HomeCenter,,https://www.homecenter.com.co/homecenter-co/product/880042/lijadora-5-en-1-20v-sin-bateria-worx/880042/,Lijadora 5-en-1 20V Sin Batería Worx,469.900,,,,,14/01/2023 23:16:53
HomeCenter,,https://www.homecenter.com.co/homecenter-co/product/420685/lijadora-orbital-1-4-pulg-14000-rpm/420685/,Lijadora Orbital 1/4 Pulg 14000 RPM,469.900,,,,,14/01/2023 23:16:53
HomeCenter,,https://www.homecenter.com.co/homecenter-co/product/347040/lijadora-rotorbital-5-pulgadas-300w-lr605/347040/,Lijadora Rotorbital 5 Pulgadas 300W LR605,259.900,,,,,14/01/2023 23:16:53
HomeCenter,,https://www.homecenter.com.co/homecenter-co/product/420695/lijadora-orbital-5pulg-12000-rpm/420695/,Lijadora Orbital 5Pulg 12000 RPM,439.900,,,,,14/01/2023 23:16:53
HomeCenter,,https://www.homecenter.com.co/homecenter-co/product/543293/lijadora-orbital-5-pulg-20v-dewalt/543293/,Lijadora Orbital 5-pulg 20V Dewalt,651.900,,,,,14/01/2023 23:16:53
HomeCenter,,https://www.homecenter.com.co/homecenter-co/product/556090/lija-de-banda-discover-rollo-de-50-metros-80-4/556090/,"Lija De Banda Discover Rollo De 50 Metros 80 4""",264.900,,,,,14/01/2023 23:16:53
HomeCenter,,https://www.homecenter.com.co/homecenter-co/product/469652/lijadora-de-palma-de-240w-1-4-ws4151u/469652/,Lijadora de Palma de 240W - 1/4 WS4151U,209.900,,,,,14/01/2023 23:16:53
HomeCenter,,https://www.homecenter.com.co/homecenter-co/product/352774/lijadora-profesional-300w-para-1-2-hoja/352774/,Lijadora Profesional 300W Para 1/2 Hoja,399.900,,,,,14/01/2023 23:16:53
HomeCenter,,https://www.homecenter.com.co/homecenter-co/product/336529/lijadora-orbital-11000rpm-250w-velcro-5-pulgadas/336529/,Lijadora Orbital 11000rpm 250w Velcro 5 Pulgadas,244.900,,,,,14/01/2023 23:16:53
HomeCenter,,https://www.homecenter.com.co/homecenter-co/product/556102/lija-disco-adhesivo-discover-grano-120-5-pulgadas/556102/,Lija Disco Adhesivo Discover Grano 120 5 Pulgadas,7.900,,,,,14/01/2023 23:16:53
HomeCenter,,https://www.homecenter.com.co/homecenter-co/product/352772/lijadora-150w-para-1-3-hoja/352772/,Lijadora 150W Para 1/3 Hoja,319.900,,,,,14/01/2023 23:16:53
HomeCenter,,https://www.homecenter.com.co/homecenter-co/product/556070/lija-de-banda-para-madera-discover-grano-120-4-x-21/556070/,"Lija De Banda Para Madera Discover Grano 120 4 X 21""",11.900,,,,,14/01/2023 23:16:53
HomeCenter,,https://www.homecenter.com.co/homecenter-co/product/556073/lija-disco-adhesivo-con-velcro-discover-grano-240-5-pulgadas/556073/,Lija Disco Adhesivo Con Velcro Discover Grano 240 5 Pulgadas,8.400,,,,,14/01/2023 23:16:53
HomeCenter,,https://www.homecenter.com.co/homecenter-co/product/556101/lija-disco-adhesivo-discover-grano-100-5-pulgadas/556101/,Lija Disco Adhesivo Discover Grano 100 5 Pulgadas,7.900,,,,,14/01/2023 23:16:53
HomeCenter,,https://www.homecenter.com.co/homecenter-co/product/556081/lija-de-banda-para-madera-discover-grano-120-3-x-21/556081/,"Lija De Banda Para Madera Discover Grano 120 3 X 21""",11.900,,,,,14/01/2023 23:16:53
HomeCenter,,https://www.homecenter.com.co/homecenter-co/product/556074/lija-de-banda-discover-rollo-de-50-metros-60-6/556074/,"Lija De Banda Discover Rollo De 50 Metros 60 6""",367.900,,,,,14/01/2023 23:16:53
HomeCenter,,https://www.homecenter.com.co/homecenter-co/product/347151/lijadora-roto-orbital-6-pulgadas-ms-430-n-6/347151/,Lijadora Roto Orbital 6 Pulgadas MS-430 N-6,2.100.900,,,,,14/01/2023 23:16:53
HomeCenter,,https://www.homecenter.com.co/homecenter-co/product/573012/lijadora-roto-orbital-5-260-w-13000-orb-min-profesional/573012/,Lijadora Roto-Orbital 5'' 260 W 13.000 Orb/Min Profesional,227.900,,,,,14/01/2023 23:16:53
HomeCenter,,https://www.homecenter.com.co/homecenter-co/product/598030/lijadora-roto-orbital-300w-0-12000-opm/598030/,Lijadora Roto Orbital 300W 0-12000 OPM,199.900,,,,,14/01/2023 23:16:53
HomeCenter,,https://www.homecenter.com.co/homecenter-co/product/556097/lija-de-banda-para-madera-discover-grano-40-4-x-22/556097/,"Lija De Banda Para Madera Discover Grano 40 4 X 22""",11.900,,,,,14/01/2023 23:16:53
HomeCenter,,https://www.homecenter.com.co/homecenter-co/product/587393/lijadora-roto-orbital-5-18v-gex-185-li-sb-sc/587393/,"Lijadora Roto Orbital 5"" 18V Gex 185-Li Sb/Sc",477.900,,,,,14/01/2023 23:16:53
HomeCenter,,https://www.homecenter.com.co/homecenter-co/product/568424/cabezal-para-lijadora-de-poste-para-panel/568424/,Cabezal para Lijadora de Poste para Panel,159.900,,,,,14/01/2023 23:16:53
HomeCenter,,https://www.homecenter.com.co/homecenter-co/product/556093/lija-de-banda-discover-rollo-de-50-metros-100-4/556093/,"Lija De Banda Discover Rollo De 50 Metros 100 4""",252.900,,,,,14/01/2023 23:16:53
HomeCenter,,https://www.homecenter.com.co/homecenter-co/product/589988/disco-de-lijado-con-velcro-de-1270-cm-grano-80/589988/,Disco de Lijado con Velcro de 12.70 cm Grano 80,409.900,,,,,14/01/2023 23:16:53
HomeCenter,,https://www.homecenter.com.co/homecenter-co/product/590660/placa-de-repuesto-para-lijado-de-panel-de-yeso-2286-cm/590660/,Placa de Repuesto para Lijado de Panel de Yeso 22.86 cm,199.900,,,,,14/01/2023 23:16:53
HomeCenter,,https://www.homecenter.com.co/homecenter-co/product/590535/disco-de-lijado-con-g-t-de-1270-cm-grano-80/590535/,Disco de Lijado con G/T de 12.70 cm Grano 80,219.900,,,,,14/01/2023 23:16:53
HomeCenter,,https://www.homecenter.com.co/homecenter-co/product/556096/lija-de-banda-para-madera-discover-grano-24-6-x-28/556096/,"Lija De Banda Para Madera Discover Grano 24 6 X 28""",12.900,,,,,14/01/2023 23:16:53
HomeCenter,,https://www.homecenter.com.co/homecenter-co/product/598655/lijadora-orbital-aleatoria-con-cable-de-1270-cm/598655/,Lijadora Orbital Aleatoria con Cable de 12.70 cm,1.369.900,,,,,14/01/2023 23:16:53
HomeCenter,,https://www.homecenter.com.co/homecenter-co/product/556078/lija-de-banda-discover-rollo-de-50-metros-60-12/556078/,"Lija De Banda Discover Rollo De 50 Metros 60 12""",699.900,,,,,14/01/2023 23:16:53
HomeCenter,,https://www.homecenter.com.co/homecenter-co/product/888130/lijadora-de-palma-hoja-de-1-4-pulgada/888130/,Lijadora de Palma Hoja de 1/4 Pulgada,219.900,,,,,14/01/2023 23:16:53
HomeCenter,,https://www.homecenter.com.co/homecenter-co/product/573934/caja-de-discos-velcro-x-25-unds-kss-eco-ac-125-5l-a-240/573934/,Caja De Discos Velcro X 25 Unds Kss Eco Ac 125 5L A 240,51.900,,,,,14/01/2023 23:16:53
HomeCenter,,https://www.homecenter.com.co/homecenter-co/product/572113/lijadora-roto-orbital-350w-0-13000opm-125mm-pad/572113/,Lijadora Roto Orbital 350W 0-13000Opm 125Mm Pad,251.900,,,,,14/01/2023 23:16:53
HomeCenter,,https://www.homecenter.com.co/homecenter-co/product/573929/caja-de-discos-velcro-x-25-unds-kss-eco-ac-125-5l-a-320/573929/,Caja De Discos Velcro X 25 Unds Kss Eco Ac 125 5L A 320,51.900,,,,,14/01/2023 23:16:53
HomeCenter,,https://www.homecenter.com.co/homecenter-co/product/888187/lijadora-inalambrica-de-20v-para-panel-de-yeso/888187/,Lijadora Inalámbrica de 20V para Panel de Yeso,4.819.900,,,,,14/01/2023 23:16:53
HomeCenter,,https://www.homecenter.com.co/homecenter-co/product/888462/lijadora-hoja-corta-064-cm-2-a/888462/,Lijadora Hoja Corta 0.64 Cm 2 A,269.900,,,,,14/01/2023 23:16:53
HomeCenter,,https://www.homecenter.com.co/homecenter-co/product/888193/lijadora-panel-de-yeso-sin-cepillo-18v/888193/,Lijadora Panel de Yeso Sin Cepillo 18V,4.849.900,,,,,14/01/2023 23:16:53
HomeCenter,,https://www.homecenter.com.co/homecenter-co/product/573905/caja-de-discos-velcro-x-25-unds-kss-eco-ac-150-5l-a-400/573905/,Caja De Discos Velcro X 25 Unds Kss Eco Ac 150 5L A 400,57.900,,,,,14/01/2023 23:16:53
HomeCenter,,https://www.homecenter.com.co/homecenter-co/product/888352/lijadora-para-terminaciones-1-4-hoja-20-a/888352/,Lijadora para Terminaciones 1/4 Hoja 2.0 A,249.900,,,,,14/01/2023 23:16:53
HomeCenter,,https://www.homecenter.com.co/homecenter-co/product/556084/lija-de-banda-discover-rollo-de-50-metros-40-12/556084/,"Lija De Banda Discover Rollo De 50 Metros 40 12""",709.900,,,,,14/01/2023 23:16:53
HomeCenter,,https://www.homecenter.com.co/homecenter-co/product/176114/lijadora-banda-4-x-24-pulg-500-mpm-1200w-9403/176114/,Lijadora banda 4 x 24 pulg 500 mpm 1200w  9403,1.179.900,,,,,14/01/2023 23:16:53
HomeCenter,,https://www.homecenter.com.co/homecenter-co/product/598603/lijadora-orbital-aleatoria-sin-escobillas-de-20-v-y-2-ah/598603/,Lijadora Orbital Aleatoria sin Escobillas de 20 V y 2 Ah,1.649.900,,,,,14/01/2023 23:16:53
HomeCenter,,https://www.homecenter.com.co/homecenter-co/product/565416/lijadora-de-palma-1-4-250w-120v-60hz/565416/,Lijadora de Palma 1/4 250w 120v/60hz,359.900,,,,,14/01/2023 23:16:53
HomeCenter,,https://www.homecenter.com.co/homecenter-co/product/590591/lija-de-banda-de-762-x-4572-cm-grano-50/590591/,Lija de Banda de 7.62 X 45.72 cm Grano 50,229.900,,,,,14/01/2023 23:16:53
HomeCenter,,https://www.homecenter.com.co/homecenter-co/product/591828/disco-de-lijado-con-velcro-de-1270-cm-grano-60/591828/,Disco de Lijado con Velcro de 12.70 cm Grano 60,209.900,,,,,14/01/2023 23:16:53
HomeCenter,,https://www.homecenter.com.co/homecenter-co/product/556085/lija-disco-adhesivo-con-velcro-discover-grano-40-5-pulgadas/556085/,Lija Disco Adhesivo Con Velcro Discover Grano 40 5 Pulgadas,8.900,,,,,14/01/2023 23:16:53
HomeCenter,,https://www.homecenter.com.co/homecenter-co/product/413881/carbon-de-repuesto-para-lijadora-1-3p3-t/413881/,Carbon de Repuesto para Lijadora 1/3P3/T,15.900,,,,,14/01/2023 23:16:53
HomeCenter,,https://www.homecenter.com.co/homecenter-co/product/589576/lija-de-banda-de-1016-x-6096-cm-grano-80/589576/,Lija de Banda de 10.16 X 60.96 cm Grano 80,229.900,,,,,14/01/2023 23:16:53
HomeCenter,,https://www.homecenter.com.co/homecenter-co/product/590535/disco-de-lijado-con-g-t-de-1270-cm-grano-80/590535/,Disco de Lijado con G/T de 12.70 cm Grano 80,219.900,,,,,14/01/2023 23:16:53
HomeCenter,,https://www.homecenter.com.co/homecenter-co/product/591729/disco-de-lijado-con-g-t-de-1270-cm-grano-40/591729/,Disco de Lijado con G/T de 12.70 cm Grano 40,229.900,,,,,14/01/2023 23:16:53
HomeCenter,,https://www.homecenter.com.co/homecenter-co/product/573931/caja-de-discos-velcro-x-25-unds-kss-eco-ac-125-5l-a-600/573931/,Caja De Discos Velcro X 25 Unds Kss Eco Ac 125 5L A 600,51.900,,,,,14/01/2023 23:16:53
HomeCenter,,https://www.homecenter.com.co/homecenter-co/product/590418/disco-de-lijado-con-velcro-de-1270-cm-grano-220/590418/,Disco de Lijado con Velcro de 12.70 cm Grano 220,209.900,,,,,14/01/2023 23:16:53
HomeCenter,,https://www.homecenter.com.co/homecenter-co/product/573933/caja-de-discos-velcro-x-25-unds-kss-eco-ac-125-5l-a-220/573933/,Caja De Discos Velcro X 25 Unds Kss Eco Ac 125 5L A 220,51.900,,,,,14/01/2023 23:16:53
HomeCenter,,https://www.homecenter.com.co/homecenter-co/product/556092/lija-de-banda-discover-rollo-de-50-metros-100-12/556092/,"Lija De Banda Discover Rollo De 50 Metros 100 12""",699.900,,,,,14/01/2023 23:16:53
HomeCenter,,https://www.homecenter.com.co/homecenter-co/product/573934/caja-de-discos-velcro-x-25-unds-kss-eco-ac-125-5l-a-240/573934/,Caja De Discos Velcro X 25 Unds Kss Eco Ac 125 5L A 240,51.900,,,,,14/01/2023 23:16:53
HomeCenter,,https://www.homecenter.com.co/homecenter-co/product/589988/disco-de-lijado-con-velcro-de-1270-cm-grano-80/589988/,Disco de Lijado con Velcro de 12.70 cm Grano 80,409.900,,,,,14/01/2023 23:16:53
HomeCenter,,https://www.homecenter.com.co/homecenter-co/product/590660/placa-de-repuesto-para-lijado-de-panel-de-yeso-2286-cm/590660/,Placa de Repuesto para Lijado de Panel de Yeso 22.86 cm,199.900,,,,,14/01/2023 23:16:53
HomeCenter,,https://www.homecenter.com.co/homecenter-co/product/598603/lijadora-orbital-aleatoria-sin-escobillas-de-20-v-y-2-ah/598603/,Lijadora Orbital Aleatoria sin Escobillas de 20 V y 2 Ah,1.649.900,,,,,14/01/2023 23:16:53
HomeCenter,,https://www.homecenter.com.co/homecenter-co/product/573009/lijadora-de-banda-de-3-x-21-1010-w-y-6-velocidades/573009/,Lijadora De Banda De 3'' X 21'' 1.010 W Y 6 Velocidades,441.900,,,,,14/01/2023 23:16:53
HomeCenter,,https://www.homecenter.com.co/homecenter-co/product/573010/lijadora-roto-orbital-5-260-w-7000-a-13000-orb-min/573010/,Lijadora Roto-Orbital 5'' 260 W 7.000 A 13.000 Orb/Min,294.900,,,,,14/01/2023 23:16:53
HomeCenter,,https://www.homecenter.com.co/homecenter-co/product/567578/cabezal-giratoria-para-lijadora-con-palo/567578/,Cabezal Giratoria para Lijadora Con Palo,289.900,,,,,14/01/2023 23:16:53
HomeCenter,,https://www.homecenter.com.co/homecenter-co/product/888490/lijadora-orbital-aleatoria-de-28-a-1270-cm/888490/,"Lijadora Orbital Aleatoria de 2,8 A 12,70 cm",339.900,,,,,14/01/2023 23:16:53
HomeCenter,,https://www.homecenter.com.co/homecenter-co/product/587392/lijadora-roto-orbital-5-12v-gex-12v-125-sb-sc/587392/,"Lijadora Roto Orbital 5"" 12V Gex 12V-125 Sb/Sc",453.900,,,,,14/01/2023 23:16:53
HomeCenter,,https://www.homecenter.com.co/homecenter-co/product/598655/lijadora-orbital-aleatoria-con-cable-de-1270-cm/598655/,Lijadora Orbital Aleatoria con Cable de 12.70 cm,1.369.900,,,,,14/01/2023 23:16:53
HomeCenter,,https://www.homecenter.com.co/homecenter-co/product/589513/disco-de-lijado-con-velcro-de-1270-cm-grano-80/589513/,Disco de Lijado con Velcro de 12.70 cm Grano 80,209.900,,,,,14/01/2023 23:16:53
HomeCenter,,https://www.homecenter.com.co/homecenter-co/product/573907/caja-de-discos-velcro-x-25-unds-kss-eco-ac-125-5l-a-800/573907/,Caja De Discos Velcro X 25 Unds Kss Eco Ac 125 5L A 800,51.900,,,,,14/01/2023 23:16:53
HomeCenter,,https://www.homecenter.com.co/homecenter-co/product/556097/lija-de-banda-para-madera-discover-grano-40-4-x-22/556097/,"Lija De Banda Para Madera Discover Grano 40 4 X 22""",11.900,,,,,14/01/2023 23:16:53
HomeCenter,,https://www.homecenter.com.co/homecenter-co/product/556080/lija-de-banda-discover-rollo-de-50-metros-60-4/556080/,"Lija De Banda Discover Rollo De 50 Metros 60 4""",249.900,,,,,14/01/2023 23:16:53
HomeCenter,,https://www.homecenter.com.co/homecenter-co/product/591306/disco-de-lana-de-cordero-de-2540-cm-atado/591306/,Disco de Lana de Cordero de 25.40 cm Atado,199.900,,,,,14/01/2023 23:16:53
HomeCenter,,https://www.homecenter.com.co/homecenter-co/product/590208/disco-de-lijado-con-velcro-de-1270-cm-grano-180/590208/,Disco de Lijado con Velcro de 12.70 cm Grano 180,209.900,,,,,14/01/2023 23:16:53
HomeCenter,,https://www.homecenter.com.co/homecenter-co/product/589999/tabla-madera-lijada-de-254-x-1524-cm-x-121-m-pino/589999/,Tabla Madera Lijada de 2.54 X 15.24 cm X 1.21 M Pino,269.900,,,,,14/01/2023 23:16:53
HomeCenter,,https://www.homecenter.com.co/homecenter-co/product/591750/lija-de-banda-de-762-x-4572-cm-grano-80/591750/,Lija de Banda de 7.62 X 45.72 cm Grano 80,219.900,,,,,14/01/2023 23:16:53
HomeCenter,,https://www.homecenter.com.co/homecenter-co/product/573908/caja-de-discos-velcro-x-25-unds-kss-eco-ac-150-5l-a-120/573908/,Caja De Discos Velcro X 25 Unds Kss Eco Ac 150 5L A 120,57.900,,,,,14/01/2023 23:16:53
HomeCenter,,https://www.homecenter.com.co/homecenter-co/product/566629/lijadora-rotorbital-20v-5pulg-1bateria-2ah-stanley/566629/,Lijadora Rotorbital 20V 5Pulg 1Batería 2Ah Stanley,744.900,,,,,14/01/2023 23:16:53
HomeCenter,,https://www.homecenter.com.co/homecenter-co/product/591817/papel-de-lija-de-1270-cm-8-orificios-grano-150-paquete-de-25/591817/,Papel de Lija de 12.70 cm 8 Orificios Grano 150 Paquete de 25,229.900,,,,,14/01/2023 23:16:53
HomeCenter,,https://www.homecenter.com.co/homecenter-co/product/589901/disco-de-lijado-con-velcro-de-1270-cm-grano-100/589901/,Disco de Lijado con Velcro de 12.70 cm Grano 100,209.900,,,,,14/01/2023 23:16:53
HomeCenter,,https://www.homecenter.com.co/homecenter-co/product/556088/lija-disco-adhesivo-con-velcro-discover-grano-60-5-pulgadas/556088/,Lija Disco Adhesivo Con Velcro Discover Grano 60 5 Pulgadas,8.900,,,,,14/01/2023 23:16:53
HomeCenter,,https://www.homecenter.com.co/homecenter-co/product/589901/disco-de-lijado-con-velcro-de-1270-cm-grano-100/589901/,Disco de Lijado con Velcro de 12.70 cm Grano 100,209.900,,,,,14/01/2023 23:16:53
HomeCenter,,https://www.homecenter.com.co/homecenter-co/product/589667/lija-de-banda-de-762-x-4572-cm-grano-120/589667/,Lija de Banda de 7.62 X 45.72 cm Grano 120,219.900,,,,,14/01/2023 23:16:53
HomeCenter,,https://www.homecenter.com.co/homecenter-co/product/591817/papel-de-lija-de-1270-cm-8-orificios-grano-150-paquete-de-25/591817/,Papel de Lija de 12.70 cm 8 Orificios Grano 150 Paquete de 25,229.900,,,,,14/01/2023 23:16:53
HomeCenter,,https://www.homecenter.com.co/homecenter-co/product/598776/lijadora-orbital-aleatoria-de-1270-x-023-cm/598776/,Lijadora Orbital Aleatoria de 12.70 X 0.23 cm,1.339.900,,,,,14/01/2023 23:16:53
HomeCenter,,https://www.homecenter.com.co/homecenter-co/product/591306/disco-de-lana-de-cordero-de-2540-cm-atado/591306/,Disco de Lana de Cordero de 25.40 cm Atado,199.900,,,,,14/01/2023 23:16:53
HomeCenter,,https://www.homecenter.com.co/homecenter-co/product/567578/cabezal-giratoria-para-lijadora-con-palo/567578/,Cabezal Giratoria para Lijadora Con Palo,289.900,,,,,14/01/2023 23:16:53
HomeCenter,,https://www.homecenter.com.co/homecenter-co/product/556099/lija-disco-adhesivo-discover-grano-80-5-pulgadas/556099/,Lija Disco Adhesivo Discover Grano 80 5 Pulgadas,16.900,,,,,14/01/2023 23:16:53
HomeCenter,,https://www.homecenter.com.co/homecenter-co/product/556087/lija-de-banda-discover-rollo-de-50-metros-80-12/556087/,"Lija De Banda Discover Rollo De 50 Metros 80 12""",699.900,,,,,14/01/2023 23:16:53
HomeCenter,,https://www.homecenter.com.co/homecenter-co/product/556079/lija-disco-adhesivo-con-velcro-discover-grano-150-5-pulgadas/556079/,Lija Disco Adhesivo Con Velcro Discover Grano 150 5 Pulgadas,8.900,,,,,14/01/2023 23:16:53
HomeCenter,,https://www.homecenter.com.co/homecenter-co/product/565417/lijadora-orbital-1-3-150w-120v-60hz/565417/,Lijadora Orbital 1/3 150w 120v/60hz,499.900,,,,,14/01/2023 23:16:53
HomeCenter,,https://www.homecenter.com.co/homecenter-co/product/591039/disco-para-taladro-removedor-de-pintura-oxido-paquete-de-2/591039/,Disco para Taladro Removedor de Pintura Óxido Paquete de 2,209.900,,,,,14/01/2023 23:16:53
HomeCenter,,https://www.homecenter.com.co/homecenter-co/product/589999/tabla-madera-lijada-de-254-x-1524-cm-x-121-m-pino/589999/,Tabla Madera Lijada de 2.54 X 15.24 cm X 1.21 M Pino,269.900,,,,,14/01/2023 23:16:53
HomeCenter,,https://www.homecenter.com.co/homecenter-co/product/590208/disco-de-lijado-con-velcro-de-1270-cm-grano-180/590208/,Disco de Lijado con Velcro de 12.70 cm Grano 180,209.900,,,,,14/01/2023 23:16:53
HomeCenter,,https://www.homecenter.com.co/homecenter-co/product/591750/lija-de-banda-de-762-x-4572-cm-grano-80/591750/,Lija de Banda de 7.62 X 45.72 cm Grano 80,219.900,,,,,14/01/2023 23:16:53
HomeCenter,,https://www.homecenter.com.co/homecenter-co/product/573938/caja-de-discos-velcro-x-25-unds-kss-eco-ac-125-5l-a-180/573938/,Caja De Discos Velcro X 25 Unds Kss Eco Ac 125 5L A 180,51.900,,,,,14/01/2023 23:16:53
HomeCenter,,https://www.homecenter.com.co/homecenter-co/product/589786/lija-de-banda-de-1016-x-6096-cm-grano-50/589786/,Lija de Banda de 10.16 X 60.96 cm Grano 50,209.900,,,,,14/01/2023 23:16:53
HomeCenter,,https://www.homecenter.com.co/homecenter-co/product/590200/lija-de-banda-de-1016-x-6096-cm-grano-36/590200/,Lija de Banda de 10.16 X 60.96 cm Grano 36,209.900,,,,,14/01/2023 23:16:53
HomeCenter,,https://www.homecenter.com.co/homecenter-co/product/573011/lijadora-orbital-de-200-w-hoja-1-4-y-velocidad-15600-opm/573011/,Lijadora Orbital De 200 W Hoja 1/4 Y Velocidad 15.600 Opm,174.900,,,,,14/01/2023 23:16:53
HomeCenter,,https://www.homecenter.com.co/homecenter-co/product/347151/lijadora-roto-orbital-6-pulgadas-ms-430-n-6/347151/,Lijadora Roto Orbital 6 Pulgadas MS-430 N-6,2.100.900,,,,,14/01/2023 23:16:53
HomeCenter,,https://www.homecenter.com.co/homecenter-co/product/598030/lijadora-roto-orbital-300w-0-12000-opm/598030/,Lijadora Roto Orbital 300W 0-12000 OPM,199.900,,,,,14/01/2023 23:16:53
HomeCenter,,https://www.homecenter.com.co/homecenter-co/product/572110/lijadora-de-palma-1-4-hoja-260w-110v-60hz/572110/,Lijadora De Palma 1/4 Hoja 260W 110V 60Hz,332.900,,,,,14/01/2023 23:16:53
HomeCenter,,https://www.homecenter.com.co/homecenter-co/product/589952/placa-de-lijado-de-carburo-cal-60-de-889-cm/589952/,Placa de Lijado de Carburo Cal 60 de 8.89 cm,259.900,,,,,14/01/2023 23:16:53
HomeCenter,,https://www.homecenter.com.co/homecenter-co/product/573908/caja-de-discos-velcro-x-25-unds-kss-eco-ac-150-5l-a-120/573908/,Caja De Discos Velcro X 25 Unds Kss Eco Ac 150 5L A 120,57.900,,,,,14/01/2023 23:16:53
HomeCenter,,https://www.homecenter.com.co/homecenter-co/product/566629/lijadora-rotorbital-20v-5pulg-1bateria-2ah-stanley/566629/,Lijadora Rotorbital 20V 5Pulg 1Batería 2Ah Stanley,744.900,,,,,14/01/2023 23:16:53
HomeCenter,,https://www.homecenter.com.co/homecenter-co/product/556075/lija-de-banda-para-madera-discover-grano-100-3-x-21/556075/,"Lija De Banda Para Madera Discover Grano 100 3 X 21""",11.900,,,,,14/01/2023 23:16:53
HomeCenter,,https://www.homecenter.com.co/homecenter-co/product/420687/lijadora-para-detalles-compacta/420687/,Lijadora para Detalles Compacta,349.900,,,,,14/01/2023 23:16:53
HomeCenter,,https://www.homecenter.com.co/homecenter-co/product/573906/caja-de-discos-velcro-x-25-unds-kss-eco-ac-150-5l-a-600/573906/,Caja De Discos Velcro X 25 Unds Kss Eco Ac 150 5L A 600,57.900,,,,,14/01/2023 23:16:53
HomeCenter,,https://www.homecenter.com.co/homecenter-co/product/590056/disco-de-lijado-con-velcro-de-1270-cm-grano-150/590056/,Disco de Lijado con Velcro de 12.70 cm Grano 150,209.900,,,,,14/01/2023 23:16:53
HomeCenter,,https://www.homecenter.com.co/homecenter-co/product/556077/lija-disco-adhesivo-con-velcro-discover-grano-120-5-pulgadas/556077/,Lija Disco Adhesivo Con Velcro Discover Grano 120 5 Pulgadas,8.900,,,,,14/01/2023 23:16:53
HomeCenter,,https://www.homecenter.com.co/homecenter-co/product/556099/lija-disco-adhesivo-discover-grano-80-5-pulgadas/556099/,Lija Disco Adhesivo Discover Grano 80 5 Pulgadas,16.900,,,,,14/01/2023 23:16:53
HomeCenter,,https://www.homecenter.com.co/homecenter-co/product/590200/lija-de-banda-de-1016-x-6096-cm-grano-36/590200/,Lija de Banda de 10.16 X 60.96 cm Grano 36,209.900,,,,,14/01/2023 23:16:53
HomeCenter,,https://www.homecenter.com.co/homecenter-co/product/556076/lija-disco-adhesivo-con-velcro-discover-grano-100-5-pulgadas/556076/,Lija Disco Adhesivo Con Velcro Discover Grano 100 5 Pulgadas,8.900,,,,,14/01/2023 23:16:53
HomeCenter,,https://www.homecenter.com.co/homecenter-co/product/347150/lijadora-roto-orbital-6-pulgadas-succion-ms-430g6/347150/,Lijadora Roto Orbital 6 Pulgadas Succión MS-430G6,2.452.900,,,,,14/01/2023 23:16:53
HomeCenter,,https://www.homecenter.com.co/homecenter-co/product/888361/lijadora-orbital-aleatoria-de-1270-cm/888361/,Lijadora Orbital Aleatoria de 12.70 cm,249.900,,,,,14/01/2023 23:16:53
HomeCenter,,https://www.homecenter.com.co/homecenter-co/product/347146/lijadora-tipo-pistola-3-pulgadas-ms-4125b/347146/,Lijadora Tipo Pistola 3 Pulgadas MS-4125B,1.101.900,,,,,14/01/2023 23:16:53
HomeCenter,,https://www.homecenter.com.co/homecenter-co/product/347037/lijadora-palma-orbital-250w-lo613/347037/,Lijadora Palma Orbital 250W LO613,169.900,,,,,14/01/2023 23:16:53
Mercado Libre,,https://www.mercadolibre.com.co/lijadora-de-banda-de-disco-y-de-banco-truper-pul-4x6t-negra-y-naranja-60hz-375w-120v/p/MCO18629056?pdp_filters=category:MCO167794#searchVariation=MCO18629056&position=1&search_layout=stack&type=product&tracking_id=076fc538-7d8e-439b-b7fb-b72b55b7c504,"Lijadora   de banda, de disco y de banco Truper PUL-4X6T  negra y naranja 60Hz 375W 120V",639.900,"Herramientas > Herramientas Eléctricas > Lijado, Desbaste y Pulido > Lijadoras",4.8,100.0,True,14/01/2023 23:16:53
Mercado Libre,,https://www.mercadolibre.com.co/lijadora-profesional-orbital-truper-lior-14a2-naranja-60hz-200w-120v/p/MCO15315589?pdp_filters=category:MCO167794#searchVariation=MCO15315589&position=2&search_layout=stack&type=product&tracking_id=076fc538-7d8e-439b-b7fb-b72b55b7c504,Lijadora  profesional  orbital Truper LIOR-1/4A2  naranja 60Hz 200W 120V,143.200,"Herramientas > Herramientas Eléctricas > Lijado, Desbaste y Pulido > Lijadoras",,100.0,True,14/01/2023 23:16:53
Mercado Libre,,https://www.mercadolibre.com.co/lijadora-profesional-roto-orbital-stanley-ss30-con-sistema-velcro-amarilla-60hz-300w-120v/p/MCO15276908?pdp_filters=category:MCO167794#searchVariation=MCO15276908&position=3&search_layout=stack&type=product&tracking_id=076fc538-7d8e-439b-b7fb-b72b55b7c504,Lijadora  profesional  roto orbital Stanley SS30 con sistema velcro  amarilla 60Hz 300W 120V,271.000,"Herramientas > Herramientas Eléctricas > Lijado, Desbaste y Pulido > Lijadoras",4.7,100.0,True,14/01/2023 23:16:53
Mercado Libre,,https://www.mercadolibre.com.co/lijadora-orbital-stanley-ss24-amarilla-60hz-240w-120v/p/MCO16132385?pdp_filters=category:MCO167794#searchVariation=MCO16132385&position=4&search_layout=stack&type=product&tracking_id=076fc538-7d8e-439b-b7fb-b72b55b7c504,Lijadora   orbital Stanley SS24  amarilla 60Hz 240W 120V,218.500,"Herramientas > Herramientas Eléctricas > Lijado, Desbaste y Pulido > Lijadoras",,100.0,True,14/01/2023 23:16:53
Mercado Libre,,https://www.mercadolibre.com.co/lijadora-roto-orbital-makita-bo5030-con-sistema-velcro-azul-300w-110v/p/MCO15313039?pdp_filters=category:MCO167794#searchVariation=MCO15313039&position=5&search_layout=stack&type=product&tracking_id=076fc538-7d8e-439b-b7fb-b72b55b7c504,Lijadora   roto orbital Makita BO5030 con sistema velcro  azul 300W 110V,399.900,"Herramientas > Herramientas Eléctricas > Lijado, Desbaste y Pulido > Lijadoras",,5.0,True,14/01/2023 23:16:53
Mercado Libre,,https://www.mercadolibre.com.co/lijadora-profesional-orbital-elite-ps250-azul-60hz-250w-110v/p/MCO18927341?pdp_filters=category:MCO167794#searchVariation=MCO18927341&position=6&search_layout=stack&type=product&tracking_id=076fc538-7d8e-439b-b7fb-b72b55b7c504,Lijadora  profesional  orbital Elite PS250  azul 60Hz 250W 110V,197.900,"Herramientas > Herramientas Eléctricas > Lijado, Desbaste y Pulido > Lijadoras",,100.0,True,14/01/2023 23:16:53
Mercado Libre,,https://www.mercadolibre.com.co/lijadora-roto-orbital-dewalt-dwe6421-amarilla-50hz60hz-280w-120v/p/MCO15301771?pdp_filters=category:MCO167794#searchVariation=MCO15301771&position=7&search_layout=stack&type=product&tracking_id=076fc538-7d8e-439b-b7fb-b72b55b7c504,Lijadora   roto orbital DeWalt DWE6421  amarilla 50Hz/60Hz 280W 120V,489.900,"Herramientas > Herramientas Eléctricas > Lijado, Desbaste y Pulido > Lijadoras",,50.0,True,14/01/2023 23:16:53
Mercado Libre,,https://click1.mercadolibre.com.co/mclics/clicks/external/MCO/count?a=3tEzUhGxVIchm9skGjyR6GP0i5albae%2B3hn63mJ5RABGRHYc71HOdDetOpM3iAa90Xpqam9NnW7erwfTGhUZ0mSQEW62dRmqagN3q1kt5GGSsMKkh02qSpuP2kD%2Bq3XBqpcrEW1UNP5SDN4XVjvRXaOqpu2%2BwBzQZhFoer94FO3XKU5sZ4Q6Xthp7mMZFePAXbAYdXX8l5YxO0fXY5i58kL76mWN4ucgU4vM4NLQm5iooqUUgpgr9v5HYebw7FAWM4IcM64ce1IWu%2BZ7iTDPaugMB3hxYp%2BniFLQzRocD%2FZX6bNumZsg5bsWjWnGrfJ4v%2FmMS7IrgrEqf41Yt4waB2iDOahvjRkEpCvam0S4yxVNHayIClXON1UcXB47RyzulS%2BMLeAkmRiE%2By0uPj3WYRlXSADgnvDxazFkSvO09dukGGzjIEqeTHaUGP9iZEgLgDyRtBfBIY6IQgr02e15giLYEnB8WuAnJRthOWDWxKaWZQIPo9MIBJgJ5oSmFP0tu5DhRWzr%2B3z7XbQzdUrdmIInnsdPMJWCqgIFGodGdpJG7DdablOKZmI%2Fiz3T9KMs%2BmbP8BhEeouaVmpvvetOgAHYHhpDHry3mmGNIYD42%2FtdWN15VbWx6Zio2FrEwloHBwq4DsSEYrAPex4PS6ssTnp59uhWUnCZ&rb=x,Lijadora Orbital Black & Decker Bs200-b3,134.900,"Herramientas > Herramientas Eléctricas > Lijado, Desbaste y Pulido > Lijadoras",4.9,500.0,True,14/01/2023 23:16:53
Mercado Libre,,https://click1.mercadolibre.com.co/mclics/clicks/external/MCO/count?a=a3lN9ykXLQxjFNu7E%2BzcllAVRH02%2By60gqKIj0ydLa%2Ba8vH%2Bo%2BWXRwewn7XlZb9xqQ9TWZ0mRSyhBG3IiSoQfjhmckGtO0rkhhs4us7O4fCO2V7L559dnJF1fPVC4K44rNQBrZdLj2goC4bdQObSmg5c5bbcrhhOY8BB0E1sYxOuz%2FLN88gGgv7ykYY8N9v1zNk%2FX1fXoJlp31PTU2Ipc1TN5VLkhlxlSMV6Xq%2BOWdPbdk3GuVvaxBgCF1gA%2F3k%2FD%2F6h6tHa%2BR5wJWbAFT4uWrWITC0IS%2FrtWVOEUtCJK7yi5ZvZMYsIUbLQyHhxWKGOTBDDd05D7w1uuGQFZuBeK27z6QEMazv21fC8Adc%2BlDXjBzyhB4TddDDmJEgQyzWOvrHvVLiLvZzBMrAk7HJpcq%2BAa5LVZUv09WTPJc2v0miw%2BeBr1cv7YzCmB5Ub3%2Bbqa%2BhutCT5yE7%2BAnOLTU57i17ZDcFNbRdXPw%2Ff6UO3gOjBTsAp%2BL9ctPFcKeQ84QcO1nHuXWHt%2FWCq2N0Xig0flsYRYk77kqrWInvPatWZ6xCno23tUrn6aDKfayET96ukzd2LbQZrpLLUZ3BQey826oLl1cxAJgW3%2F4%2F9UT6y9gBilzN8q6G4E3hvXlQ7fJq2uLiZSX6no8br2ptBeg%3D%3D&rb=x,Lijadora Orbital De Madera,170.000,"Herramientas > Herramientas Eléctricas > Lijado, Desbaste y Pulido > Lijadoras",,25.0,True,14/01/2023 23:16:53
Mercado Libre,,https://www.mercadolibre.com.co/lijadora-orbital-skil-7232-con-sistema-velcro-negra-50hz60hz-200w-127v/p/MCO15286799?pdp_filters=category:MCO167794#searchVariation=MCO15286799&position=10&search_layout=stack&type=product&tracking_id=076fc538-7d8e-439b-b7fb-b72b55b7c504,Lijadora   orbital Skil 7232 con sistema velcro  negra 50Hz/60Hz 200W 127V,184.200,"Herramientas > Herramientas Eléctricas > Lijado, Desbaste y Pulido > Lijadoras",,100.0,True,14/01/2023 23:16:53
Mercado Libre,,https://www.mercadolibre.com.co/lijadora-profesional-orbital-elite-ps300-60hz-300w-110v/p/MCO18936555?pdp_filters=category:MCO167794#searchVariation=MCO18936555&position=11&search_layout=stack&type=product&tracking_id=076fc538-7d8e-439b-b7fb-b72b55b7c504,Lijadora  profesional  orbital Elite PS300  60Hz 300W 110V,199.900,"Herramientas > Herramientas Eléctricas > Lijado, Desbaste y Pulido > Lijadoras",,25.0,True,14/01/2023 23:16:53
Mercado Libre,,https://articulo.mercadolibre.com.co/MCO-619828636-lijadora-neumatica-neumatica-6-pulgadas-10000-rpm-dual-_JM#position=23&search_layout=stack&type=item&tracking_id=076fc538-7d8e-439b-b7fb-b72b55b7c504,Lijadora Neumática Neumática 6 Pulgadas 10000 Rpm Dual,219.204,"Herramientas > Herramientas Eléctricas > Lijado, Desbaste y Pulido > Lijadoras",,1.0,True,14/01/2023 23:16:53
Mercado Libre,,https://www.mercadolibre.com.co/lijadora-profesional-orbital-bosch-professional-gss-140-azul-220w-127v/p/MCO15279366?pdp_filters=category:MCO167794#searchVariation=MCO15279366&position=12&search_layout=stack&type=product&tracking_id=076fc538-7d8e-439b-b7fb-b72b55b7c504,Lijadora  profesional  orbital Bosch Professional GSS 140  azul 220W 127V,274.410,"Herramientas > Herramientas Eléctricas > Lijado, Desbaste y Pulido > Lijadoras",,5.0,True,14/01/2023 23:16:53
Mercado Libre,,https://www.mercadolibre.com.co/lijadora-roto-orbital-blackdecker-bdero100-naranja-180w-220v/p/MCO15288453?pdp_filters=category:MCO167794#searchVariation=MCO15288453&position=13&search_layout=stack&type=product&tracking_id=076fc538-7d8e-439b-b7fb-b72b55b7c504,Lijadora   roto orbital Black+Decker BDERO100  naranja 180W 220V,210.000,"Herramientas > Herramientas Eléctricas > Lijado, Desbaste y Pulido > Lijadoras",4.8,25.0,True,14/01/2023 23:16:53
AliExpress,1005005135877360,https://es.aliexpress.com/item/1005005135877360.html,"Lijadora eléctrica Orbital aleatoria, herramientas de lijado de velocidad Variable con caja de polvo + 20 piezas, 2023, 12000 r/min, 240W, 125mm",59950.62,,,3.0,True,14/01/2023 23:16:53
AliExpress,1005005133688472,https://es.aliexpress.com/item/1005005133688472.html,"LIJADORA Orbital neumática de pulgadas, amoladora de aire, pulidora/rectificadora excéntrica al vacío, herramientas neumáticas para encerado de automóviles Mil, novedad de 2023",193395.64,,,,False,14/01/2023 23:16:53
AliExpress,1005005134353722,https://es.aliexpress.com/item/1005005134353722.html,"LIJADORA Orbital neumática de pulgadas, amoladora de aire, pulidora/rectificadora excéntrica al vacío, herramientas neumáticas para encerado de automóviles Mil, novedad de 2023",193395.64,,,,False,14/01/2023 23:16:53
AliExpress,1005005134617273,https://es.aliexpress.com/item/1005005134617273.html,"LIJADORA Orbital neumática de pulgadas, amoladora de aire, pulidora/rectificadora excéntrica al vacío, herramientas neumáticas para encerado de automóviles Mil, novedad de 2023",193395.64,,,,False,14/01/2023 23:16:53
AliExpress,32853132805,https://es.aliexpress.com/item/32853132805.html,"FivePears-lijadora neumática Orbital, amoladora de aire, 125mm/150mm, pulido excéntrico al vacío/herramientas neumáticas",264820.38,,4.8,802.0,True,14/01/2023 23:16:53
AliExpress,1005003217998748,https://es.aliexpress.com/item/1005003217998748.html,"HYVST-LIJADORA Orbital aleatoria multifunción sin escobillas, velocidad Variable, con cable para FinishingCorners lijadoras orbitales, coche, madera, 350W",814146.39,,4.9,168.0,False,14/01/2023 23:16:53
AliExpress,1005004296565077,https://es.aliexpress.com/item/1005004296565077.html,"Máquina pulidora de belleza para coche, lijadora neumática, pulidora para reparación de suelos",268830.95,,5.0,22.0,True,14/01/2023 23:16:53
AliExpress,1005005120508701,https://es.aliexpress.com/item/1005005120508701.html,"LIJADORA Orbital neumática de pulgadas, amoladora de aire, pulidora excéntrica al vacío/rectificadora, herramientas neumáticas para Molino de encerado de coche",246109.47,,,,False,14/01/2023 23:16:53
AliExpress,1005003994256463,https://es.aliexpress.com/item/1005003994256463.html,"Mini lijadora de 110V-220V, 18W, modelo de máquina de lijado tipo pluma, pulidora para moldes de modelo DIY, herramienta de molienda eléctrica Groove",112363.68,,5.0,148.0,False,14/01/2023 23:16:53
AliExpress,32973184325,https://es.aliexpress.com/item/32973184325.html,"PROSTORMER-Lijadora orbital aleatoria de 300W, sistema fuerte de recolección de polvo con 7 velocidades variables, 21 hojas de lija, orbital, 13000RPM",301310.7,,4.9,199.0,False,14/01/2023 23:16:53
